[
  {
    "_id": "5a2f27714b7fd0aa4b7d0d91",
    "index": 0,
    "guid": "9749c793-8410-477c-b70c-b89a144cd4b6",
    "isActive": false,
    "balance": "$3,959.45",
    "picture": "http://placehold.it/32x32",
    "age": 33,
    "eyeColor": "brown",
    "name": "Riley Slater",
    "gender": "male",
    "company": "SATIANCE",
    "email": "rileyslater@satiance.com",
    "phone": "+1 (839) 442-2709",
    "address": "694 Benson Avenue, Germanton, Louisiana, 5910",
    "about": "Dolore velit consequat minim ad ullamco aliqua cillum id nulla eiusmod incididunt do. Veniam cupidatat dolor nulla quis exercitation laboris pariatur magna dolor sunt cillum duis. Est aliquip aliqua ipsum reprehenderit ea consequat adipisicing. Reprehenderit in et labore voluptate cillum Lorem. Deserunt voluptate nostrud tempor magna incididunt aute anim excepteur mollit non do.\r\n",
    "registered": "2014-02-19T10:05:18 +05:00",
    "latitude": -24.402879,
    "longitude": 114.218095,
    "tags": [
      "do",
      "pariatur",
      "non",
      "cupidatat",
      "anim",
      "velit",
      "duis"
    ],
    "friends": [
      {
        "id": 0,
        "name": "Washington Thompson"
      },
      {
        "id": 1,
        "name": "Morse Herrera"
      },
      {
        "id": 2,
        "name": "Malone Alston"
      }
    ],
    "greeting": "Hello, Riley Slater! You have 1 unread messages.",
    "favoriteFruit": "banana"
  },
  {
    "_id": "5a2f2771c7a9fae53b4328a0",
    "index": 1,
    "guid": "314c7e2e-715f-404a-a332-e7b248b4d29c",
    "isActive": false,
    "balance": "$2,283.30",
    "picture": "http://placehold.it/32x32",
    "age": 33,
    "eyeColor": "blue",
    "name": "Sanford Blanchard",
    "gender": "male",
    "company": "EZENTIA",
    "email": "sanfordblanchard@ezentia.com",
    "phone": "+1 (974) 582-3239",
    "address": "933 Jerome Street, Clara, Alabama, 3970",
    "about": "Consectetur ea sint occaecat qui eiusmod cupidatat Lorem ut nostrud enim voluptate dolore do. Sint officia sit amet non irure in occaecat consequat incididunt nulla sunt. Irure in in irure aliquip amet enim mollit reprehenderit sit nostrud dolore excepteur.\r\n",
    "registered": "2015-03-16T06:46:13 +04:00",
    "latitude": -67.735492,
    "longitude": 156.380216,
    "tags": [
      "do",
      "elit",
      "laborum",
      "nisi",
      "do",
      "magna",
      "commodo"
    ],
    "friends": [
      {
        "id": 0,
        "name": "Montoya Hahn"
      },
      {
        "id": 1,
        "name": "Jana Marsh"
      },
      {
        "id": 2,
        "name": "Norman Hebert"
      }
    ],
    "greeting": "Hello, Sanford Blanchard! You have 5 unread messages.",
    "favoriteFruit": "apple"
  },
  {
    "_id": "5a2f277132f3584d28f8d500",
    "index": 2,
    "guid": "b7f7d2f4-6eca-41bb-952b-bf277ed9d73c",
    "isActive": false,
    "balance": "$1,190.83",
    "picture": "http://placehold.it/32x32",
    "age": 33,
    "eyeColor": "brown",
    "name": "Mercado Jefferson",
    "gender": "male",
    "company": "FILODYNE",
    "email": "mercadojefferson@filodyne.com",
    "phone": "+1 (912) 449-2722",
    "address": "688 Balfour Place, Thornport, Delaware, 6246",
    "about": "Enim non tempor quis sit veniam ullamco proident id veniam mollit. Sunt aliquip tempor in elit deserunt. Quis fugiat exercitation cillum et qui elit duis commodo fugiat eiusmod esse non exercitation ex. Occaecat commodo nulla proident anim Lorem velit eiusmod laborum.\r\n",
    "registered": "2015-09-21T02:09:17 +04:00",
    "latitude": -46.922258,
    "longitude": 68.052316,
    "tags": [
      "reprehenderit",
      "labore",
      "incididunt",
      "ex",
      "id",
      "mollit",
      "culpa"
    ],
    "friends": [
      {
        "id": 0,
        "name": "Young Fox"
      },
      {
        "id": 1,
        "name": "Levine Medina"
      },
      {
        "id": 2,
        "name": "Reba Moody"
      }
    ],
    "greeting": "Hello, Mercado Jefferson! You have 8 unread messages.",
    "favoriteFruit": "apple"
  },
  {
    "_id": "5a2f2771ea55a0e519d1c838",
    "index": 3,
    "guid": "5114816c-59db-481a-913b-052ff56bef46",
    "isActive": true,
    "balance": "$3,139.67",
    "picture": "http://placehold.it/32x32",
    "age": 28,
    "eyeColor": "brown",
    "name": "Humphrey Garcia",
    "gender": "male",
    "company": "PHARMEX",
    "email": "humphreygarcia@pharmex.com",
    "phone": "+1 (966) 516-2087",
    "address": "408 Newkirk Placez, Fairhaven, Nevada, 7627",
    "about": "Labore non qui ad qui irure aliqua fugiat ut consectetur velit laboris excepteur magna. Excepteur pariatur eu ut ad labore in. Incididunt et commodo enim ipsum.\r\n",
    "registered": "2016-03-05T06:46:16 +05:00",
    "latitude": 68.700319,
    "longitude": -71.599833,
    "tags": [
      "dolor",
      "proident",
      "deserunt",
      "proident",
      "fugiat",
      "adipisicing",
      "amet"
    ],
    "friends": [
      {
        "id": 0,
        "name": "Davidson Wiley"
      },
      {
        "id": 1,
        "name": "Aline Parker"
      },
      {
        "id": 2,
        "name": "Diana Mcintyre"
      }
    ],
    "greeting": "Hello, Humphrey Garcia! You have 8 unread messages.",
    "favoriteFruit": "banana"
  },
  {
    "_id": "5a2f2771e46a6638a8450c6e",
    "index": 4,
    "guid": "72606f37-b5d1-4288-9f82-f404a0b9db0c",
    "isActive": true,
    "balance": "$1,372.96",
    "picture": "http://placehold.it/32x32",
    "age": 31,
    "eyeColor": "brown",
    "name": "Chan Johns",
    "gender": "male",
    "company": "ECLIPTO",
    "email": "chanjohns@eclipto.com",
    "phone": "+1 (993) 411-3012",
    "address": "625 Barbey Street, Campo, Washington, 8977",
    "about": "Sit ipsum proident sit Lorem et nisi nulla laboris occaecat. Proident deserunt ex ad exercitation exercitation nulla et excepteur nostrud. Nostrud commodo consequat nostrud eiusmod elit quis dolor pariatur commodo. Voluptate qui sint et voluptate laboris sit nisi voluptate fugiat. Dolor excepteur est voluptate consectetur proident. Mollit qui et qui occaecat dolor culpa culpa ex culpa voluptate exercitation ex aute ut.\r\n",
    "registered": "2015-01-03T07:00:11 +05:00",
    "latitude": -59.401807,
    "longitude": 156.025901,
    "tags": [
      "labore",
      "non",
      "in",
      "et",
      "in",
      "labore",
      "nulla"
    ],
    "friends": [
      {
        "id": 0,
        "name": "Clare Franco"
      },
      {
        "id": 1,
        "name": "Nadine Daugherty"
      },
      {
        "id": 2,
        "name": "Burton Velez"
      }
    ],
    "greeting": "Hello, Chan Johns! You have 8 unread messages.",
    "favoriteFruit": "apple"
  },
  {
    "_id": "5a2f2771cf3b31c70ed1a989",
    "index": 5,
    "guid": "1c425c2c-d6a7-4421-affa-603a4b13a17b",
    "isActive": false,
    "balance": "$2,256.52",
    "picture": "http://placehold.it/32x32",
    "age": 33,
    "eyeColor": "green",
    "name": "Schroeder Savage",
    "gender": "male",
    "company": "AQUASURE",
    "email": "schroedersavage@aquasure.com",
    "phone": "+1 (830) 586-2366",
    "address": "554 Commercial Street, Camptown, Florida, 2828",
    "about": "Mollit irure exercitation sunt occaecat ut labore minim occaecat ullamco occaecat. Duis est veniam aliquip sit consequat tempor aliquip exercitation exercitation in incididunt. Nostrud laborum ea excepteur sit.\r\n",
    "registered": "2016-04-24T05:40:04 +04:00",
    "latitude": 33.815917,
    "longitude": 93.843662,
    "tags": [
      "commodo",
      "laboris",
      "irure",
      "consequat",
      "labore",
      "dolor",
      "cillum"
    ],
    "friends": [
      {
        "id": 0,
        "name": "Sabrina Hickman"
      },
      {
        "id": 1,
        "name": "Margaret Sellers"
      },
      {
        "id": 2,
        "name": "Weaver Mercado"
      }
    ],
    "greeting": "Hello, Schroeder Savage! You have 1 unread messages.",
    "favoriteFruit": "apple"
  }
]