[
  {
    "_id": "5a2f27636cfd3ccb514e9f3b",
    "index": 0,
    "guid": "0ec52ff2-d974-46c5-9758-559f529831b3",
    "isActive": true,
    "balance": "$1,160.76",
    "picture": "http://placehold.it/32x32",
    "age": 27,
    "eyeColor": "green",
    "name": "Boyle Ashley",
    "gender": "male",
    "company": "MOLTONIC",
    "email": "boyleashley@moltonic.com",
    "phone": "+1 (960) 438-2704",
    "address": "881 Church Lane, Edenburg, Virginia, 9261",
    "about": "Aliquip ea non quis in dolore in ipsum sunt elit enim excepteur labore. Elit ex eiusmod sint nostrud pariatur velit reprehenderit ut culpa excepteur et. Et ad proident consectetur fugiat deserunt nisi enim non sint. Cupidatat laborum cupidatat ut sunt adipisicing duis reprehenderit in esse tempor esse esse. Adipisicing ea ipsum quis eiusmod occaecat incididunt amet sit exercitation. Anim eiusmod sit tempor aliquip enim ut. Aute incididunt esse consequat do nisi anim labore deserunt.\r\n",
    "registered": "2016-04-07T11:12:27 +04:00",
    "latitude": -35.875516,
    "longitude": 24.287452,
    "tags": [
      "aute",
      "ad",
      "commodo",
      "laboris",
      "sunt",
      "nostrud",
      "incididunt"
    ],
    "friends": [
      {
        "id": 0,
        "name": "Hodge Meadows"
      },
      {
        "id": 1,
        "name": "Fisher Roth"
      },
      {
        "id": 2,
        "name": "John Parrish"
      }
    ],
    "greeting": "Hello, Boyle Ashley! You have 9 unread messages.",
    "favoriteFruit": "strawberry"
  },
  {
    "_id": "5a2f276329beae5fa7336df3",
    "index": 1,
    "guid": "314932b4-d31d-4653-b144-0e1ff2a6e07c",
    "isActive": false,
    "balance": "$1,517.28",
    "picture": "http://placehold.it/32x32",
    "age": 25,
    "eyeColor": "blue",
    "name": "Bond James",
    "gender": "male",
    "company": "COMTREK",
    "email": "bondjames@comtrek.com",
    "phone": "+1 (883) 440-2202",
    "address": "247 Clark Street, Spokane, Connecticut, 1104",
    "about": "Sint aute amet aute ea consectetur et laboris officia proident. Consequat anim cillum consectetur consectetur consectetur sunt tempor do irure ex sint. Reprehenderit qui Lorem do laborum laboris reprehenderit aliquip ullamco laborum. Laboris tempor anim nisi velit consequat nostrud cupidatat qui pariatur Lorem.\r\n",
    "registered": "2015-08-24T11:40:31 +04:00",
    "latitude": -45.081332,
    "longitude": -68.417208,
    "tags": [
      "pariatur",
      "dolore",
      "id",
      "magna",
      "minim",
      "irure",
      "quis"
    ],
    "friends": [
      {
        "id": 0,
        "name": "Earline Schwartz"
      },
      {
        "id": 1,
        "name": "Jessica Hendricks"
      },
      {
        "id": 2,
        "name": "Kristie Rios"
      }
    ],
    "greeting": "Hello, Bond James! You have 10 unread messages.",
    "favoriteFruit": "apple"
  },
  {
    "_id": "5a2f276324b913301096b3b8",
    "index": 2,
    "guid": "4a32bcdf-7958-478c-b281-3b45aea9e01f",
    "isActive": true,
    "balance": "$3,231.60",
    "picture": "http://placehold.it/32x32",
    "age": 35,
    "eyeColor": "brown",
    "name": "Cash Buckley",
    "gender": "male",
    "company": "BIOLIVE",
    "email": "cashbuckley@biolive.com",
    "phone": "+1 (864) 496-3315",
    "address": "663 Varick Street, Rodanthe, Maine, 4721",
    "about": "Tempor occaecat exercitation anim est nostrud laborum quis quis ex aute. Sit enim minim officia reprehenderit consequat nisi proident incididunt. Laborum laborum irure aute ullamco duis labore proident ullamco pariatur enim. Tempor mollit officia reprehenderit occaecat. Eu ex aliqua eiusmod culpa. Consectetur amet aliqua do aliqua exercitation sit pariatur aliqua voluptate mollit proident cillum. Deserunt eu velit aute dolore excepteur veniam consequat amet quis.\r\n",
    "registered": "2017-05-17T09:40:36 +04:00",
    "latitude": -81.11644,
    "longitude": -136.279267,
    "tags": [
      "eu",
      "pariatur",
      "elit",
      "tempor",
      "cillum",
      "in",
      "incididunt"
    ],
    "friends": [
      {
        "id": 0,
        "name": "Amie Mcclure"
      },
      {
        "id": 1,
        "name": "Felicia Stein"
      },
      {
        "id": 2,
        "name": "Alma Clements"
      }
    ],
    "greeting": "Hello, Cash Buckley! You have 8 unread messages.",
    "favoriteFruit": "banana"
  },
  {
    "_id": "5a2f276363200317c9f03486",
    "index": 3,
    "guid": "aead2b82-e3ff-4f01-937b-5c72312dd230",
    "isActive": false,
    "balance": "$3,776.79",
    "picture": "http://placehold.it/32x32",
    "age": 33,
    "eyeColor": "blue",
    "name": "Audra Wilson",
    "gender": "female",
    "company": "MOMENTIA",
    "email": "audrawilson@momentia.com",
    "phone": "+1 (921) 433-3089",
    "address": "510 Green Street, Wacissa, Kentucky, 6221",
    "about": "Duis laborum minim in consequat commodo. Nulla deserunt nulla quis sunt proident sunt adipisicing. Deserunt elit velit magna laborum. Pariatur ullamco do pariatur in eiusmod nisi ullamco consectetur ut laborum. Labore ullamco sit voluptate amet. Consequat reprehenderit pariatur ut exercitation exercitation ea nulla do sit.\r\n",
    "registered": "2014-06-27T07:15:33 +04:00",
    "latitude": 40.066742,
    "longitude": -111.058669,
    "tags": [
      "fugiat",
      "reprehenderit",
      "incididunt",
      "occaecat",
      "minim",
      "exercitation",
      "non"
    ],
    "friends": [
      {
        "id": 0,
        "name": "Myra Mccarthy"
      },
      {
        "id": 1,
        "name": "Gonzales Aguilar"
      },
      {
        "id": 2,
        "name": "Mueller Sims"
      }
    ],
    "greeting": "Hello, Audra Wilson! You have 10 unread messages.",
    "favoriteFruit": "apple"
  },
  {
    "_id": "5a2f2763ca97f46da0d09399",
    "index": 4,
    "guid": "8de64420-edda-49af-a98f-46f692e7104d",
    "isActive": false,
    "balance": "$1,269.17",
    "picture": "http://placehold.it/32x32",
    "age": 37,
    "eyeColor": "brown",
    "name": "Silvia Estes",
    "gender": "female",
    "company": "ACIUM",
    "email": "silviaestes@acium.com",
    "phone": "+1 (971) 463-3543",
    "address": "153 Montague Street, Zortman, Texas, 945",
    "about": "Sit mollit ea est eiusmod magna pariatur ut do duis. Exercitation occaecat minim dolor excepteur sit velit do tempor magna. Excepteur irure veniam minim velit esse duis fugiat Lorem enim cupidatat. Magna qui cillum do culpa ullamco exercitation et cupidatat exercitation veniam cupidatat irure. Tempor officia aute incididunt commodo.\r\n",
    "registered": "2016-04-10T06:45:06 +04:00",
    "latitude": -24.477348,
    "longitude": 179.49227,
    "tags": [
      "elit",
      "exercitation",
      "excepteur",
      "sunt",
      "sit",
      "pariatur",
      "nostrud"
    ],
    "friends": [
      {
        "id": 0,
        "name": "Reynolds York"
      },
      {
        "id": 1,
        "name": "Benton Walls"
      },
      {
        "id": 2,
        "name": "Washington Bradley"
      }
    ],
    "greeting": "Hello, Silvia Estes! You have 2 unread messages.",
    "favoriteFruit": "strawberry"
  }
]