[
  {
    "_id": "5a2f27c60df8674bfc88f5a7",
    "index": 0,
    "guid": "c3b898ef-93cd-4d97-9691-25cdbbcbf4c6",
    "isActive": false,
    "balance": "$3,449.98",
    "picture": "http://placehold.it/32x32",
    "age": 36,
    "eyeColor": "green",
    "name": {
      "first": "Fischer",
      "last": "Irwin"
    },
    "company": "PYRAMIS",
    "email": "fischer.irwin@pyramis.io",
    "phone": "+1 (815) 411-3033",
    "address": "784 Morton Street, Ola, New Mexico, 9559",
    "about": "Ex et esse aliquip sint et nisi id excepteur in mollit. Est ipsum id elit occaecat Lorem ipsum elit aute minim esse consequat est cupidatat. Sit elit velit et sit irure commodo amet incididunt culpa cillum. Sit eu nulla ipsum in ex aliquip ipsum non do. Laborum est eiusmod duis fugiat culpa eu.",
    "registered": "Monday, May 22, 2017 9:19 AM",
    "latitude": "26.830262",
    "longitude": "-75.306449",
    "tags": [
      "ad",
      "qui",
      "id",
      "Lorem",
      "magna"
    ],
    "range": [
      0,
      1,
      2,
      3,
      4,
      5,
      6,
      7,
      8,
      9
    ],
    "friends": [
      {
        "id": 0,
        "name": "Shana Hayes"
      },
      {
        "id": 1,
        "name": "Norris Moore"
      },
      {
        "id": 2,
        "name": "Mcgowan Kennedy"
      }
    ],
    "greeting": "Hello, Fischer! You have 10 unread messages.",
    "favoriteFruit": "strawberry"
  },
  {
    "_id": "5a2f27c6aafa2bd680c4626c",
    "index": 1,
    "guid": "ee9274a2-68ea-4233-8238-37a4d8e88fb0",
    "isActive": true,
    "balance": "$1,595.84",
    "picture": "http://placehold.it/32x32",
    "age": 28,
    "eyeColor": "brown",
    "name": {
      "first": "Ofelia",
      "last": "Hebert"
    },
    "company": "EARTHWAX",
    "email": "ofelia.hebert@earthwax.us",
    "phone": "+1 (923) 471-2346",
    "address": "627 Goodwin Place, Coinjock, Maine, 759",
    "about": "Et minim voluptate non cillum aliquip deserunt velit Lorem enim velit incididunt. Dolore nisi aliqua laboris ea culpa consequat nisi aliquip incididunt labore ut officia. Eu nostrud deserunt aliquip veniam mollit nisi magna reprehenderit sit tempor. Cupidatat eu excepteur ea magna labore officia incididunt mollit sint sit. Duis eu tempor nisi nulla amet nulla ullamco quis ex minim duis proident. Consequat deserunt magna commodo cupidatat. Laborum eiusmod dolore Lorem reprehenderit amet occaecat esse ad aute elit.",
    "registered": "Monday, November 23, 2015 12:48 AM",
    "latitude": "34.422575",
    "longitude": "127.520029",
    "tags": [
      "eiusmod",
      "commodo",
      "duis",
      "nostrud",
      "aliquip"
    ],
    "range": [
      0,
      1,
      2,
      3,
      4,
      5,
      6,
      7,
      8,
      9
    ],
    "friends": [
      {
        "id": 0,
        "name": "Le Nelson"
      },
      {
        "id": 1,
        "name": "Muriel Thomas"
      },
      {
        "id": 2,
        "name": "Mildred Morrison"
      }
    ],
    "greeting": "Hello, Ofelia! You have 5 unread messages.",
    "favoriteFruit": "banana"
  },
  {
    "_id": "5a2f27c71f68430a4ec6ce54",
    "index": 2,
    "guid": "dae4dd67-9118-41c4-9685-845133c4af60",
    "isActive": false,
    "balance": "$2,133.78",
    "picture": "http://placehold.it/32x32",
    "age": 33,
    "eyeColor": "brown",
    "name": {
      "first": "Nola",
      "last": "Gregory"
    },
    "company": "NEPTIDE",
    "email": "nola.gregory@neptide.ca",
    "phone": "+1 (845) 553-2361",
    "address": "140 Williams Place, Chesapeake, Kentucky, 8237",
    "about": "Aliqua est dolore nostrud dolore tempor laboris tempor consequat consectetur. Enim labore qui amet aute incididunt sunt in aliqua qui. Et dolor veniam irure non duis dolor Lorem labore ullamco do culpa magna. Eu esse culpa aliqua reprehenderit ipsum Lorem ex. Incididunt ipsum anim nulla voluptate. Incididunt sit proident ad commodo deserunt nulla magna exercitation laborum velit. Dolor incididunt duis excepteur cillum pariatur.",
    "registered": "Friday, February 12, 2016 3:41 PM",
    "latitude": "56.018218",
    "longitude": "-85.690619",
    "tags": [
      "amet",
      "officia",
      "ipsum",
      "magna",
      "ex"
    ],
    "range": [
      0,
      1,
      2,
      3,
      4,
      5,
      6,
      7,
      8,
      9
    ],
    "friends": [
      {
        "id": 0,
        "name": "Cherry Snow"
      },
      {
        "id": 1,
        "name": "Aline Oneil"
      },
      {
        "id": 2,
        "name": "Little Floyd"
      }
    ],
    "greeting": "Hello, Nola! You have 8 unread messages.",
    "favoriteFruit": "banana"
  },
  {
    "_id": "5a2f27c7fa88066bdc67f338",
    "index": 3,
    "guid": "ba62c299-1746-45ce-833b-73c9731fa9d2",
    "isActive": false,
    "balance": "$3,814.36",
    "picture": "http://placehold.it/32x32",
    "age": 23,
    "eyeColor": "blue",
    "name": {
      "first": "Vaughan",
      "last": "Morales"
    },
    "company": "MOBILDATA",
    "email": "vaughan.morales@mobildata.name",
    "phone": "+1 (930) 477-2716",
    "address": "989 Dakota Place, Rivereno, North Carolina, 8971",
    "about": "Voluptate tempor cupidatat consequat eu esse consectetur ex sunt irure ut qui incididunt pariatur ex. Sit veniam in sint commodo quis. Aute anim fugiat irure adipisicing deserunt eiusmod fugiat in eu. Nisi nulla minim ut in velit non eu reprehenderit sit qui anim non laboris. Eiusmod eu proident id commodo magna. Nisi ad ex non minim in amet pariatur occaecat in id ad ex ut mollit.",
    "registered": "Wednesday, January 6, 2016 10:23 PM",
    "latitude": "-64.308897",
    "longitude": "173.484103",
    "tags": [
      "amet",
      "laboris",
      "eu",
      "laboris",
      "cillum"
    ],
    "range": [
      0,
      1,
      2,
      3,
      4,
      5,
      6,
      7,
      8,
      9
    ],
    "friends": [
      {
        "id": 0,
        "name": "Madeline Mendoza"
      },
      {
        "id": 1,
        "name": "Charmaine Kinney"
      },
      {
        "id": 2,
        "name": "Terrie Peck"
      }
    ],
    "greeting": "Hello, Vaughan! You have 5 unread messages.",
    "favoriteFruit": "apple"
  },
  {
    "_id": "5a2f27c72a0e6e27055084fb",
    "index": 4,
    "guid": "3d670d68-eddb-47da-b56c-d9b7c9fbc81a",
    "isActive": false,
    "balance": "$1,787.44",
    "picture": "http://placehold.it/32x32",
    "age": 21,
    "eyeColor": "brown",
    "name": {
      "first": "Alexandria",
      "last": "Salinas"
    },
    "company": "COMCUBINE",
    "email": "alexandria.salinas@comcubine.co.uk",
    "phone": "+1 (929) 594-3526",
    "address": "707 Willoughby Avenue, Fairforest, Virgin Islands, 5294",
    "about": "Eu reprehenderit minim ea voluptate aute exercitation cillum occaecat nisi incididunt eiusmod ad. Id magna est ipsum qui laborum aliqua pariatur elit magna reprehenderit ut mollit velit quis. Nostrud ullamco aliqua et id reprehenderit cupidatat. Veniam pariatur nisi pariatur voluptate culpa minim minim laboris quis eiusmod. Incididunt ipsum pariatur voluptate laboris est minim do ad laborum.",
    "registered": "Wednesday, July 20, 2016 2:05 AM",
    "latitude": "33.176599",
    "longitude": "33.648851",
    "tags": [
      "id",
      "consectetur",
      "minim",
      "id",
      "officia"
    ],
    "range": [
      0,
      1,
      2,
      3,
      4,
      5,
      6,
      7,
      8,
      9
    ],
    "friends": [
      {
        "id": 0,
        "name": "Carla Holmes"
      },
      {
        "id": 1,
        "name": "Bridget Morris"
      },
      {
        "id": 2,
        "name": "Hartman Gill"
      }
    ],
    "greeting": "Hello, Alexandria! You have 9 unread messages.",
    "favoriteFruit": "banana"
  },
  {
    "_id": "5a2f27c7b2a163d7c2baaac5",
    "index": 5,
    "guid": "c81e1cb0-0a82-4579-86f8-775752411b71",
    "isActive": true,
    "balance": "$1,496.60",
    "picture": "http://placehold.it/32x32",
    "age": 39,
    "eyeColor": "green",
    "name": {
      "first": "Davenport",
      "last": "Allen"
    },
    "company": "IMAGINART",
    "email": "davenport.allen@imaginart.info",
    "phone": "+1 (820) 460-2313",
    "address": "644 Sullivan Place, Zortman, Nebraska, 6250",
    "about": "Do dolore proident mollit sunt est id. Consequat nulla exercitation amet voluptate est fugiat laborum aliqua in. Lorem sint do id laboris eu voluptate aliqua proident enim non duis minim. Magna culpa duis fugiat est qui excepteur.",
    "registered": "Wednesday, March 5, 2014 11:17 PM",
    "latitude": "-50.098153",
    "longitude": "-4.865102",
    "tags": [
      "incididunt",
      "nostrud",
      "culpa",
      "mollit",
      "dolor"
    ],
    "range": [
      0,
      1,
      2,
      3,
      4,
      5,
      6,
      7,
      8,
      9
    ],
    "friends": [
      {
        "id": 0,
        "name": "Tessa Barlow"
      },
      {
        "id": 1,
        "name": "Theresa Johnson"
      },
      {
        "id": 2,
        "name": "Gilbert Mccray"
      }
    ],
    "greeting": "Hello, Davenport! You have 5 unread messages.",
    "favoriteFruit": "banana"
  }
]
